<?xml version="1.0" encoding="UTF-8"?>
<project-private xmlns="http://www.netbeans.org/ns/project-private/1">
    <editor-bookmarks xmlns="http://www.netbeans.org/ns/editor-bookmarks/2" lastBookmarkId="1">
        <file>
            <url>src/model/cartes.java</url>
            <bookmark id="1">
                <name/>
                <line>0</line>
                <key/>
            </bookmark>
        </file>
    </editor-bookmarks>
    <open-files xmlns="http://www.netbeans.org/ns/projectui-open-files/2">
        <group>
            <file>file:/C:/Users/malek/Documents/NetBeansProjects/POJET_POO/src/vuetext/acceulle.java</file>
            <file>file:/C:/Users/malek/Documents/NetBeansProjects/POJET_POO/src/vuetext/map2.txt</file>
            <file>file:/C:/Users/malek/Documents/NetBeansProjects/POJET_POO/src/model/joueur.java</file>
            <file>file:/C:/Users/malek/Documents/NetBeansProjects/POJET_POO/src/vuetext/modetxt.java</file>
            <file>file:/C:/Users/malek/Documents/NetBeansProjects/POJET_POO/src/vuetext/Sokoban.java</file>
            <file>file:/C:/Users/malek/Documents/NetBeansProjects/POJET_POO/src/vuetext/map1.txt</file>
            <file>file:/C:/Users/malek/Documents/NetBeansProjects/POJET_POO/src/vuetext/graphique.java</file>
            <file>file:/C:/Users/malek/Documents/NetBeansProjects/POJET_POO/src/model/caisse.java</file>
            <file>file:/C:/Users/malek/Documents/NetBeansProjects/POJET_POO/src/model/Lecture.java</file>
            <file>file:/C:/Users/malek/Documents/NetBeansProjects/POJET_POO/src/model/cartes.java</file>
            <file>file:/C:/Users/malek/Documents/NetBeansProjects/POJET_POO/src/model/plus.java</file>
        </group>
    </open-files>
</project-private>
